idR,jour,heureOuverture,heureFermeture
1,Mardi,11:00,20:00
1,Mercredi,11:00,20:00
1,Jeudi,11:00,20:00
1,Vendredi,11:00,20:00
1,Samedi,11:00,20:00
1,Dimanche,13:00,20:00
4,Lundi,11:30,14:30
4,Lundi,18:30,22:00
4,Mardi,11:30,14:30
4,Mardi,18:30,22:00
4,Mercredi,11:30,14:30
4,Mercredi,18:30,22:00
4,Jeudi,11:30,14:30
4,Jeudi,18:30,22:00
4,Vendredi,11:30,14:30
4,Vendredi,18:30,23:00
4,Samedi,11:30,23:00
4,Dimanche,11:30,23:00
5,Lundi,11:45,13:45
5,Lundi,18:45,21:45
5,Mardi,11:45,13:45
5,Mardi,18:45,21:45
5,Mercredi,11:45,13:45
5,Mercredi,18:45,21:45
5,Jeudi,11:45,14:00
5,Vendredi,11:45,13:45
5,Vendredi,18:45,22:00
5,Samedi,11:45,13:45
5,Samedi,18:45,22:00
5,Dimanche,11:45,13:45
6,Mardi,12:00,14:00
6,Mardi,19:00,23:00
6,Mercredi,12:00,14:00
6,Mercredi,19:00,23:00
6,Jeudi,12:00,14:00
6,Jeudi,19:00,23:00
6,Vendredi,12:00,14:00
6,Vendredi,19:00,23:00
6,Samedi,12:00,14:00
6,Samedi,19:00,23:00
9,Mardi,11:45,13:45
9,Mardi,19:00,21:45
9,Mercredi,11:45,13:45
9,Mercredi,19:00,21:45
9,Jeudi,11:45,13:45
9,Jeudi,19:00,21:45
9,Vendredi,11:45,13:45
9,Vendredi,19:00,22:00
9,Samedi,12:00,14:30
9,Samedi,19:00,22:00
12,Lundi,11:30,13:30
12,Mardi,11:30,13:30
12,Mercredi,11:30,13:30
12,Jeudi,11:30,13:30
12,Vendredi,11:30,13:30
15,Lundi,12:00,14:00
15,Lundi,19:00,22:30
15,Mardi,12:00,14:00
15,Mardi,19:00,22:30
15,Mercredi,12:00,14:00
15,Mercredi,19:00,22:30
15,Jeudi,12:00,14:00
15,Jeudi,19:00,22:30
15,Vendredi,12:00,14:00
15,Vendredi,19:00,22:30
15,Samedi,12:00,14:00
15,Samedi,19:00,22:30
16,Mardi,11:00,01:00
16,Mercredi,11:00,01:00
16,Jeudi,11:00,01:00
16,Vendredi,11:00,02:00
16,Samedi,12:00,02:00
16,Dimanche,12:00,01:00
17,Lundi,12:00,14:30
17,Lundi,19:00,22:30
17,Mardi,12:00,14:30
17,Mardi,19:00,22:30
17,Mercredi,12:00,14:30
17,Mercredi,19:00,22:30
17,Jeudi,12:00,14:30
17,Jeudi,19:00,22:30
17,Vendredi,12:00,14:30
17,Vendredi,19:00,23:00
17,Samedi,12:00,15:00
17,Samedi,19:00,23:00
19,Lundi,05:30,20:30
19,Mardi,05:30,20:30
19,Mercredi,05:30,20:30
19,Jeudi,05:30,20:30
19,Vendredi,05:30,21:00
19,Samedi,06:30,19:30
20,Mercredi,12:00,14:00
20,Mercredi,19:30,22:00
20,Jeudi,12:00,14:00
20,Jeudi,19:30,22:00
20,Vendredi,12:00,14:00
20,Vendredi,19:30,22:00
20,Samedi,12:00,14:00
20,Samedi,19:30,22:00
20,Dimanche,12:00,14:00
21,Lundi,11:45,22:30
21,Mardi,11:45,22:30
21,Mercredi,11:45,22:30
21,Jeudi,11:45,22:30
21,Vendredi,11:45,23:00
21,Samedi,11:45,23:00
21,Dimanche,11:45,22:30
22,Lundi,08:00,21:00
22,Mardi,08:00,21:00
22,Mercredi,08:00,21:00
22,Jeudi,08:00,22:00
22,Vendredi,08:00,22:00
22,Samedi,09:00,22:00
23,Lundi,07:00,19:30
23,Mardi,07:00,19:30
23,Mercredi,07:00,19:30
23,Jeudi,07:00,19:30
23,Vendredi,07:00,19:30
23,Samedi,06:30,13:30
25,Lundi,12:00,15:00
25,Lundi,18:00,23:00
25,Mardi,12:00,15:00
25,Mardi,18:00,23:00
25,Mercredi,12:00,15:00
25,Mercredi,18:00,23:00
25,Jeudi,12:00,15:00
25,Jeudi,18:00,23:00
25,Vendredi,12:00,15:00
25,Vendredi,18:00,00:00
25,Samedi,12:00,15:30
25,Samedi,18:00,23:00
29,Lundi,11:30,01:00
29,Mardi,11:30,01:00
29,Mercredi,11:30,01:00
29,Jeudi,11:30,01:00
29,Vendredi,11:30,01:00
29,Samedi,11:30,01:00
29,Dimanche,11:30,01:00
30,Jeudi,18:00,02:00
30,Vendredi,18:00,02:00
30,Samedi,18:00,02:00
31,Lundi,17:00,02:00
31,Mardi,17:00,02:00
31,Mercredi,17:00,02:00
31,Jeudi,17:00,02:00
31,Vendredi,17:00,02:00
31,Samedi,17:00,02:00
31,Dimanche,17:00,02:00
32,Lundi,11:30,14:00
32,Mardi,11:30,14:00
32,Lundi,18:00,23:00
32,Mardi,18:00,23:00
32,Mercredi,18:00,23:00
32,Jeudi,18:00,23:00
32,Mercredi,11:30,14:00
32,Jeudi,11:30,14:00
32,Vendredi,18:00,00:00
32,Samedi,18:00,00:00
32,Dimanche,11:30,14:00
32,Dimanche,18:00,23:00
34,Lundi,11:30,14:30
34,Lundi,18:30,22:00
34,Mardi,11:30,14:30
34,Mardi,18:30,22:00
34,Mercredi,11:30,14:30
34,Mercredi,18:30,22:00
34,Jeudi,11:30,14:30
34,Jeudi,18:30,22:00
34,Vendredi,11:30,14:30
34,Vendredi,18:30,22:00
34,Samedi,11:30,14:30
34,Samedi,18:30,22:00
34,Dimanche,11:30,14:30
34,Dimanche,18:30,22:00
35,Lundi,12:00,01:00
35,Mardi,12:00,01:00
35,Mercredi,12:00,01:00
35,Jeudi,12:00,01:00
35,Vendredi,12:00,01:00
35,Samedi,12:00,01:00
35,Dimanche,12:00,01:00
37,Lundi,12:00,13:30
37,Lundi,19:30,21:30
37,Mardi,12:00,14:00
37,Mardi,19:30,22:00
37,Mercredi,12:00,14:00
37,Mercredi,19:30,22:00
37,Jeudi,12:00,14:00
37,Jeudi,19:30,22:00
37,Vendredi,12:00,14:00
37,Vendredi,19:30,22:00
37,Samedi,12:00,14:00
37,Samedi,19:30,22:00
37,Dimanche,12:00,14:00
38,Mardi,12:00,14:00
38,Mardi,19:00,22:00
38,Mercredi,12:00,14:00
38,Mercredi,19:00,22:00
38,Jeudi,12:00,14:00
38,Jeudi,19:00,22:00
38,Vendredi,12:00,14:00
38,Vendredi,19:00,22:00
38,Samedi,19:00,22:00
39,Mardi,17:00,01:00
39,Mercredi,17:00,01:00
39,Jeudi,17:00,01:00
39,Vendredi,17:00,01:00
39,Samedi,17:00,01:00
39,Dimanche,17:00,01:00
41,Lundi,11:30,01:00
41,Mardi,11:30,01:00
41,Mercredi,11:30,01:00
41,Jeudi,11:30,01:00
41,Vendredi,11:30,01:00
41,Samedi,11:30,01:00
41,Dimanche,11:30,01:00
43,Mardi,12:00,14:30
43,Mercredi,12:00,14:30
43,Jeudi,12:00,14:30
43,Vendredi,12:00,14:30
43,Lundi,12:00,14:00
44,Mardi,16:00,02:00
44,Mercredi,16:00,02:00
44,Jeudi,16:00,02:00
44,Vendredi,16:00,02:00
44,Samedi,16:00,02:00
45,Lundi,11:00,23:00
45,Mardi,11:00,23:00
45,Mercredi,11:00,23:00
45,Jeudi,11:00,23:00
45,Vendredi,11:00,23:00
45,Samedi,11:00,23:00
45,Dimanche,11:00,23:00
46,Lundi,19:00,21:30
46,Mardi,19:00,21:30
46,Mercredi,19:00,21:30
46,Jeudi,19:00,21:30
46,Vendredi,12:00,13:45
46,Vendredi,19:00,22:00
46,Samedi,11:45,14:00
46,Samedi,19:00,22:00
47,Lundi,09:00,23:00
47,Mardi,09:00,23:00
47,Mercredi,09:00,23:00
47,Jeudi,09:00,23:00
47,Vendredi,09:00,23:00
47,Samedi,09:00,23:00
47,Dimanche,10:00,18:00
49,Mardi,12:00,14:00
49,Mercredi,12:00,14:00
49,Jeudi,12:00,14:00
49,Vendredi,12:00,14:00
49,Vendredi,19:30,22:00
49,Samedi,12:00,14:00
49,Samedi,19:30,22:00
50,Lundi,12:00,14:30
50,Lundi,19:00,22:00
50,Mardi,12:00,14:30
50,Mardi,19:00,22:00
50,Mercredi,12:00,14:30
50,Mercredi,19:00,22:00
50,Jeudi,12:00,14:30
50,Jeudi,19:00,22:00
50,Vendredi,12:00,14:30
50,Vendredi,19:00,22:00
50,Samedi,12:00,14:30
50,Samedi,19:00,22:00
50,Dimanche,19:00,22:00
52,Lundi,12:00,14:30
52,Lundi,19:30,22:30
52,Mardi,12:00,14:30
52,Mardi,19:30,22:30
52,Mercredi,12:00,14:30
52,Mercredi,19:30,22:30
52,Jeudi,12:00,14:30
52,Jeudi,19:30,22:30
52,Vendredi,12:00,14:30
52,Vendredi,19:30,22:30
52,Samedi,12:00,14:30
52,Samedi,19:30,22:30
53,Mardi,17:00,01:00
53,Mercredi,17:00,01:00
53,Jeudi,17:00,01:00
53,Vendredi,17:00,01:00
53,Samedi,17:00,01:00
54,Lundi,11:00,21:30
54,Mardi,11:00,21:30
54,Mercredi,11:00,21:30
54,Jeudi,11:00,21:30
54,Vendredi,11:00,21:30
54,Samedi,11:00,21:30
54,Dimanche,11:00,21:30
55,Mardi,12:00,19:00
55,Mercredi,12:00,19:00
55,Jeudi,12:00,19:00
55,Vendredi,12:00,19:00
55,Samedi,12:00,19:00
56,Lundi,17:00,01:00
56,Mardi,17:00,01:00
56,Mercredi,17:00,01:00
56,Jeudi,17:00,01:00
56,Vendredi,17:00,01:00
56,Samedi,17:00,01:00
56,Dimanche,17:00,01:00
57,Lundi,09:30,23:00
57,Mardi,09:30,23:00
57,Mercredi,09:30,23:00
57,Jeudi,09:30,23:00
57,Vendredi,09:30,23:00
57,Samedi,10:30,23:00
57,Dimanche,10:30,23:00
58,Lundi,12:00,15:00
58,Mardi,12:00,15:00
58,Mardi,19:00,22:30
58,Mercredi,12:00,15:00
58,Mercredi,19:00,22:30
58,Jeudi,12:00,15:00
58,Jeudi,19:00,22:30
58,Vendredi,12:00,15:00
58,Vendredi,19:00,22:30
58,Samedi,12:00,15:00
58,Samedi,19:00,22:30
60,Mardi,11:30,14:15
60,Mardi,18:30,22:30
60,Mercredi,11:30,14:15
60,Mercredi,18:30,22:30
60,Jeudi,11:30,14:15
60,Jeudi,18:30,22:30
60,Vendredi,11:30,14:30
60,Vendredi,18:30,23:30
60,Samedi,11:30,14:30
60,Samedi,18:30,23:30
60,Dimanche,11:30,14:30
60,Dimanche,18:30,23:30
61,Mardi,11:45,14:00
61,Mardi,18:45,22:30
61,Mercredi,11:45,14:00
61,Mercredi,18:45,22:30
61,Jeudi,11:45,14:00
61,Jeudi,18:45,22:30
61,Vendredi,11:45,14:00
61,Vendredi,18:45,22:30
61,Samedi,11:45,14:00
61,Samedi,18:45,22:30
64,Lundi,18:00,01:00
64,Mardi,18:00,01:00
64,Mercredi,18:00,01:00
64,Jeudi,18:00,01:00
64,Vendredi,18:00,01:00
64,Samedi,18:00,01:00
64,Dimanche,18:00,01:00
65,Lundi,20:00,01:00
65,Mercredi,20:00,01:00
65,Jeudi,20:00,01:00
65,Vendredi,20:00,01:00
65,Samedi,20:00,01:00
65,Mardi,19:30,01:00
66,Lundi,12:00,14:30
66,Mardi,12:00,14:30
66,Mercredi,12:00,14:30
66,Jeudi,12:00,14:30
66,Vendredi,12:00,14:30
66,Samedi,12:00,14:30
68,Vendredi,12:00,15:00
68,Vendredi,19:00,01:00
68,Samedi,12:00,15:00
68,Samedi,19:00,01:00
71,Mercredi,12:00,14:00
71,Mercredi,19:30,21:30
71,Jeudi,12:00,14:00
71,Jeudi,19:30,21:30
71,Vendredi,12:00,14:00
71,Vendredi,19:30,21:30
71,Samedi,12:00,14:00
71,Samedi,19:30,21:30
71,Dimanche,12:00,14:00
74,Lundi,09:00,20:00
74,Mardi,09:00,20:00
74,Mercredi,09:00,20:00
74,Jeudi,09:00,20:00
74,Vendredi,09:00,20:00
74,Samedi,09:00,20:00
74,Dimanche,10:00,20:00
75,Mardi,16:30,01:00
75,Mercredi,16:30,01:00
75,Jeudi,16:30,01:00
75,Vendredi,16:30,01:00
75,Samedi,16:30,01:00
76,Lundi,15:30,00:00
76,Mardi,15:30,00:00
76,Mercredi,15:30,00:00
76,Jeudi,15:30,00:00
76,Vendredi,15:30,00:00
76,Samedi,15:30,00:00
76,Dimanche,15:30,00:00
77,Mardi,12:00,14:00
77,Mardi,19:00,23:00
77,Mercredi,12:00,14:00
77,Mercredi,19:00,23:00
77,Jeudi,12:00,14:00
77,Jeudi,19:00,23:00
77,Vendredi,12:00,14:00
77,Vendredi,19:00,23:00
77,Samedi,12:00,14:00
77,Samedi,19:00,23:00
80,Mardi,12:00,13:30
80,Mardi,19:00,21:30
80,Mercredi,12:00,13:30
80,Mercredi,19:00,21:30
80,Jeudi,12:00,13:30
80,Jeudi,19:00,21:30
80,Vendredi,12:00,13:30
80,Vendredi,19:00,21:30
80,Samedi,12:00,13:30
80,Samedi,19:00,21:30
80,Dimanche,12:00,13:30
82,Mercredi,17:00,01:00
82,Dimanche,17:00,01:00
82,Lundi,17:00,01:00
82,Mardi,17:00,02:00
82,Jeudi,17:00,02:00
82,Vendredi,17:00,02:00
82,Samedi,17:00,02:00
84,Lundi,12:00,14:00
84,Lundi,18:00,01:00
84,Mardi,12:00,14:00
84,Mardi,18:00,01:00
84,Mercredi,12:00,14:00
84,Mercredi,18:00,01:00
84,Jeudi,12:00,14:00
84,Jeudi,18:00,01:00
84,Vendredi,12:00,14:00
84,Vendredi,18:00,01:00
84,Samedi,12:00,14:00
84,Samedi,18:00,01:00
85,Lundi,11:30,15:00
85,Lundi,18:30,23:00
85,Mardi,11:30,15:00
85,Mardi,18:30,23:00
85,Mercredi,11:30,15:00
85,Mercredi,18:30,23:00
85,Jeudi,11:30,15:00
85,Jeudi,18:30,23:00
85,Vendredi,11:30,15:00
85,Vendredi,18:30,23:00
85,Samedi,11:30,15:00
85,Samedi,18:30,23:00
85,Dimanche,11:30,14:45
85,Dimanche,18:30,23:00
87,Lundi,12:00,14:00
87,Lundi,18:30,21:30
87,Mardi,12:00,14:00
87,Mardi,18:30,21:30
87,Mercredi,12:00,14:00
87,Mercredi,18:30,21:30
87,Jeudi,12:00,14:00
87,Jeudi,18:30,21:30
87,Vendredi,12:00,14:00
87,Vendredi,18:30,21:30
88,Mardi,19:00,22:00
88,Mercredi,12:00,14:30
88,Mercredi,19:00,22:00
88,Jeudi,12:00,14:30
88,Jeudi,19:00,22:00
88,Vendredi,12:00,14:30
88,Vendredi,19:00,22:00
88,Samedi,12:00,14:30
88,Samedi,19:00,22:00
90,Mercredi,18:00,20:00
90,Jeudi,09:30,12:00
90,Jeudi,18:30,20:00
90,Vendredi,09:30,12:00
90,Vendredi,18:30,20:00
90,Samedi,09:30,12:00
90,Samedi,18:30,20:00
90,Dimanche,09:30,12:00
90,Dimanche,18:30,20:00
91,Mardi,07:00,19:30
91,Mercredi,07:00,19:30
91,Jeudi,07:00,19:30
91,Vendredi,07:00,19:30
91,Dimanche,08:00,13:30
91,Samedi,07:30,19:30
94,Lundi,11:00,00:00
94,Mardi,11:00,00:00
94,Mercredi,11:00,00:00
94,Jeudi,11:00,00:00
94,Vendredi,11:00,00:00
94,Samedi,11:00,00:00
94,Dimanche,11:00,00:00
95,Lundi,11:00,02:00
95,Mardi,11:00,02:00
95,Mercredi,11:00,02:00
95,Jeudi,11:00,02:00
95,Vendredi,11:00,02:00
95,Samedi,11:00,02:00
95,Dimanche,11:00,02:00
96,Jeudi,18:00,03:00
96,Vendredi,18:00,03:00
96,Samedi,18:00,03:00
97,Lundi,00:00,23:00
97,Mardi,00:00,23:00
97,Mercredi,00:00,23:00
97,Jeudi,00:00,23:00
97,Vendredi,00:00,23:00
97,Samedi,00:00,23:00
97,Dimanche,00:00,23:00
98,Lundi,12:00,14:00
98,Lundi,19:00,22:00
98,Mardi,12:00,14:00
98,Mardi,19:00,22:00
98,Mercredi,12:00,14:00
98,Mercredi,19:00,22:00
98,Jeudi,12:00,14:00
98,Jeudi,19:00,22:00
98,Vendredi,12:00,14:00
98,Vendredi,19:00,22:00
98,Samedi,12:00,14:00
98,Samedi,19:00,22:00
100,Lundi,07:30,19:00
100,Mardi,07:30,19:00
100,Mercredi,07:30,19:00
100,Jeudi,07:30,19:00
100,Vendredi,07:30,19:00
100,Samedi,08:00,19:00
100,Dimanche,08:00,13:00
102,Mardi,12:00,14:00
102,Mardi,18:00,23:00
102,Mercredi,12:00,14:00
102,Mercredi,18:00,23:00
102,Jeudi,12:00,14:00
102,Jeudi,18:00,23:00
102,Vendredi,12:00,14:00
102,Vendredi,18:00,00:00
102,Samedi,12:00,14:00
102,Samedi,18:00,00:00
102,Dimanche,17:00,23:00
104,Lundi,10:00,01:00
104,Mardi,10:00,01:00
104,Mercredi,10:00,01:00
104,Jeudi,10:00,01:00
104,Vendredi,10:00,01:00
104,Samedi,10:00,01:00
104,Dimanche,12:00,01:00
105,Lundi,10:00,15:00
105,Lundi,18:00,00:00
105,Mardi,10:00,15:00
105,Mardi,18:00,00:00
105,Mercredi,10:00,15:00
105,Mercredi,18:00,00:00
105,Jeudi,10:00,15:00
105,Jeudi,18:00,00:00
105,Vendredi,10:00,15:00
105,Vendredi,18:00,00:00
105,Samedi,10:00,15:00
105,Samedi,18:00,00:00
105,Dimanche,10:00,15:00
105,Dimanche,18:00,00:00
107,Lundi,11:00,15:00
107,Lundi,17:00,20:00
107,Mardi,11:00,15:00
107,Mardi,17:00,20:00
107,Jeudi,11:00,15:00
107,Jeudi,17:00,20:00
107,Vendredi,11:30,15:00
107,Vendredi,17:00,21:00
107,Samedi,11:30,15:00
107,Samedi,17:00,21:00
109,Lundi,11:00,14:00
109,Lundi,23:00,03:00
109,Mardi,11:00,14:00
109,Mardi,23:00,03:00
109,Mercredi,11:00,14:00
109,Mercredi,23:00,03:00
109,Jeudi,11:00,14:00
109,Jeudi,23:00,03:00
109,Vendredi,23:00,03:00
109,Dimanche,23:00,03:00
113,Mardi,12:00,13:45
113,Mardi,19:30,21:45
113,Mercredi,12:00,14:00
113,Jeudi,12:00,13:45
113,Jeudi,19:30,21:00
113,Vendredi,12:00,13:45
113,Vendredi,19:30,21:45
113,Samedi,12:00,13:45
113,Samedi,19:30,21:00
114,Mardi,11:00,15:00
114,Mardi,18:30,01:00
114,Mercredi,11:00,15:00
114,Mercredi,18:30,01:00
114,Jeudi,11:00,15:00
114,Jeudi,18:30,01:00
114,Vendredi,11:00,15:00
114,Vendredi,18:30,01:00
114,Samedi,11:00,15:00
114,Samedi,18:30,01:00
116,Lundi,12:00,01:00
116,Mardi,12:00,01:00
116,Mercredi,12:00,01:00
116,Jeudi,12:00,01:00
116,Vendredi,12:00,01:00
116,Samedi,12:00,01:00
116,Dimanche,12:00,01:00
118,Lundi,11:00,14:00
118,Lundi,18:00,23:00
118,Mardi,11:00,14:00
118,Mardi,18:00,23:00
118,Mercredi,11:00,14:00
118,Mercredi,18:00,23:00
118,Jeudi,11:00,14:00
118,Jeudi,18:00,23:00
118,Vendredi,11:00,14:00
118,Vendredi,18:00,23:00
118,Samedi,11:00,14:00
118,Samedi,18:00,23:00
118,Dimanche,11:00,14:00
118,Dimanche,18:00,23:00
120,Lundi,11:00,23:00
120,Mardi,11:00,23:00
120,Mercredi,11:00,23:00
120,Jeudi,11:00,23:00
120,Vendredi,11:00,23:00
120,Samedi,11:00,23:00
120,Dimanche,12:00,23:00
123,Lundi,12:00,15:00
123,Mardi,12:00,15:00
123,Mercredi,12:00,15:00
125,Lundi,08:30,19:00
125,Mardi,08:30,19:00
125,Jeudi,08:30,22:00
125,Vendredi,08:30,22:00
125,Samedi,09:00,19:00
126,Lundi,17:00,03:00
126,Mardi,17:00,03:00
126,Mercredi,17:00,03:00
126,Jeudi,17:00,03:00
126,Vendredi,17:00,03:00
126,Samedi,17:00,03:00
126,Dimanche,17:00,03:00
127,Lundi,11:30,14:30
127,Lundi,18:30,22:30
127,Mardi,11:30,14:30
127,Mardi,18:30,22:30
127,Mercredi,11:30,14:30
127,Mercredi,18:30,22:30
127,Jeudi,11:30,14:30
127,Jeudi,18:30,22:30
127,Vendredi,11:30,14:30
127,Vendredi,18:30,23:00
130,Lundi,11:30,22:00
130,Mardi,11:30,22:00
130,Mercredi,11:30,22:00
130,Jeudi,11:30,22:00
130,Vendredi,11:30,22:00
130,Samedi,11:30,22:00
131,Lundi,14:00,02:00
131,Mardi,14:00,02:00
131,Mercredi,14:00,02:00
131,Jeudi,14:00,02:00
131,Vendredi,14:00,02:00
131,Samedi,14:00,02:00
131,Dimanche,16:00,02:00
133,Lundi,14:00,01:00
133,Mardi,14:00,01:00
133,Mercredi,14:00,01:00
133,Jeudi,14:00,01:00
133,Vendredi,14:00,01:00
133,Samedi,14:00,01:00
133,Dimanche,14:00,01:00
134,Lundi,10:30,19:00
134,Mardi,10:30,19:00
134,Mercredi,10:30,19:00
134,Jeudi,10:30,19:00
134,Vendredi,10:30,19:00
134,Samedi,10:30,19:00
134,Dimanche,10:30,19:00
135,Lundi,11:00,23:00
135,Mardi,11:00,23:00
135,Mercredi,11:00,23:00
135,Jeudi,11:00,23:00
135,Vendredi,11:00,23:00
135,Samedi,11:00,23:00
135,Dimanche,11:00,23:00
136,Mardi,12:00,14:00
136,Mercredi,19:30,22:00
136,Jeudi,12:00,14:00
136,Vendredi,12:00,14:00
136,Samedi,12:00,14:00
136,Dimanche,18:15,22:00
137,Lundi,17:00,01:00
137,Mardi,17:00,01:00
137,Mercredi,17:00,01:00
137,Jeudi,17:00,01:00
137,Vendredi,17:00,01:00
137,Samedi,17:00,01:00
138,Lundi,15:00,21:00
138,Jeudi,10:00,14:00
138,Jeudi,15:00,21:30
138,Vendredi,10:00,21:30
138,Samedi,10:00,21:00
139,Mardi,17:00,01:00
139,Mercredi,17:00,01:00
139,Jeudi,17:00,01:00
139,Vendredi,17:00,01:00
139,Samedi,17:00,01:00
139,Dimanche,17:00,01:00
140,Mardi,18:00,23:00
140,Mercredi,18:00,23:00
140,Jeudi,18:00,23:00
140,Vendredi,18:00,23:00
140,Samedi,18:00,23:00
141,Lundi,09:00,14:30
141,Lundi,18:00,22:30
141,Mardi,09:00,14:30
141,Mardi,18:00,22:30
141,Mercredi,09:00,14:30
141,Mercredi,18:00,22:30
141,Jeudi,09:00,14:30
141,Jeudi,18:00,22:30
141,Vendredi,09:00,22:30
143,Lundi,12:00,14:30
143,Lundi,19:00,23:30
143,Mardi,12:00,14:30
143,Mardi,19:00,23:30
143,Mercredi,12:00,14:30
143,Mercredi,19:00,23:30
143,Jeudi,12:00,14:30
143,Jeudi,19:00,23:30
143,Vendredi,12:00,14:30
143,Vendredi,19:00,23:30
143,Samedi,12:00,14:30
143,Samedi,19:00,23:30
143,Dimanche,12:00,15:00
143,Dimanche,19:00,23:30
144,Lundi,08:00,20:00
144,Mardi,08:00,20:00
144,Mercredi,08:00,20:00
144,Jeudi,08:00,20:00
144,Vendredi,08:00,20:00
144,Samedi,08:00,20:00
144,Dimanche,08:30,19:30
145,Lundi,09:30,21:30
145,Mardi,09:30,21:30
145,Mercredi,09:30,21:30
145,Jeudi,09:30,21:30
145,Vendredi,09:30,21:30
145,Samedi,09:30,21:30
145,Dimanche,09:30,21:30
146,Lundi,08:00,23:00
146,Mardi,08:00,23:00
146,Mercredi,08:00,23:00
146,Jeudi,08:00,23:00
146,Vendredi,08:00,00:00
146,Samedi,08:00,00:00
146,Dimanche,08:00,23:00
150,Mardi,11:45,14:00
150,Mercredi,11:45,14:00
150,Mercredi,18:45,21:30
150,Jeudi,11:45,14:00
150,Jeudi,18:45,21:30
150,Vendredi,11:45,14:00
150,Vendredi,18:45,21:30
150,Samedi,11:45,14:15
150,Samedi,18:45,22:00
150,Dimanche,11:45,14:00
151,Lundi,11:30,19:00
151,Mardi,11:30,19:00
151,Mercredi,11:30,19:00
151,Jeudi,11:30,19:00
151,Vendredi,11:30,19:00
151,Samedi,11:30,19:00
151,Dimanche,12:00,19:00
152,Lundi,07:00,21:00
152,Mardi,07:00,21:00
152,Mercredi,07:00,21:00
152,Jeudi,07:00,21:00
152,Vendredi,07:00,21:00
152,Samedi,07:00,15:30
153,Lundi,11:30,15:00
153,Lundi,17:00,01:00
153,Mardi,11:30,15:00
153,Mardi,17:00,01:00
153,Mercredi,11:30,15:00
153,Mercredi,17:00,01:00
153,Jeudi,11:30,15:00
153,Jeudi,17:00,01:00
153,Vendredi,11:30,15:00
153,Vendredi,17:00,01:00
153,Samedi,11:30,15:00
153,Samedi,17:00,01:00
153,Dimanche,11:30,15:00
153,Dimanche,17:00,01:00
154,Lundi,10:00,19:00
154,Mardi,10:00,19:00
154,Mercredi,10:00,19:00
154,Jeudi,10:00,19:00
154,Vendredi,10:00,19:00
154,Samedi,10:00,19:00
156,Lundi,08:30,19:00
156,Mardi,08:30,19:00
156,Mercredi,08:30,19:00
156,Jeudi,08:30,19:00
156,Vendredi,08:30,19:00
156,Samedi,08:30,19:00
156,Dimanche,11:00,18:00
157,Mardi,11:30,14:00
157,Mardi,18:30,22:00
157,Mercredi,11:30,14:00
157,Mercredi,18:30,22:00
157,Jeudi,11:30,14:00
157,Jeudi,18:30,22:00
157,Vendredi,11:30,14:00
157,Vendredi,18:30,22:00
157,Samedi,11:30,14:30
157,Samedi,18:30,22:00
159,Lundi,10:30,21:30
159,Mardi,10:30,21:30
159,Mercredi,10:30,21:30
159,Jeudi,10:30,21:30
159,Vendredi,10:30,21:30
159,Samedi,10:30,21:30
160,Lundi,11:30,13:30
160,Mardi,11:30,13:30
160,Mercredi,11:30,13:30
160,Jeudi,11:30,13:30
160,Vendredi,11:30,13:30
162,Mardi,09:00,18:00
162,Mercredi,09:00,18:00
162,Jeudi,09:00,18:00
162,Vendredi,09:00,18:00
162,Samedi,09:00,18:00
163,Lundi,12:00,13:30
163,Lundi,19:00,22:30
163,Mardi,12:00,13:30
163,Mardi,19:00,22:30
163,Jeudi,12:00,13:30
163,Jeudi,19:00,22:30
163,Vendredi,12:00,13:30
163,Vendredi,19:00,22:30
163,Samedi,12:00,13:30
163,Samedi,19:00,22:30
164,Mardi,17:00,01:00
164,Mercredi,17:00,01:00
164,Jeudi,17:00,01:00
164,Vendredi,17:00,01:00
164,Samedi,17:00,01:00
164,Dimanche,11:00,00:00
166,Lundi,11:30,14:30
166,Mercredi,11:30,14:30
166,Mercredi,18:30,22:30
166,Jeudi,11:30,14:30
166,Jeudi,18:30,22:30
166,Vendredi,11:30,14:30
166,Vendredi,18:30,22:30
166,Samedi,11:30,14:30
166,Samedi,18:30,22:30
166,Mardi,18:30,22:30
167,Mardi,11:30,14:00
167,Mardi,18:30,22:00
167,Mercredi,11:30,14:00
167,Mercredi,18:30,22:00
167,Jeudi,11:30,14:00
167,Jeudi,18:30,22:00
167,Vendredi,11:30,14:00
167,Vendredi,18:30,22:00
167,Samedi,11:30,14:00
167,Samedi,18:30,22:00
168,Lundi,08:30,19:00
168,Mardi,08:30,19:00
168,Mercredi,08:30,19:00
168,Jeudi,08:30,19:00
168,Vendredi,08:30,19:00
168,Samedi,08:30,19:00
169,Mardi,12:00,14:00
169,Mardi,19:00,22:00
169,Mercredi,12:00,14:00
169,Mercredi,19:00,22:00
169,Jeudi,12:00,14:00
169,Jeudi,19:00,22:00
169,Vendredi,12:00,14:00
169,Vendredi,19:00,22:00
169,Samedi,12:00,14:00
169,Samedi,19:00,22:00
170,Mardi,16:00,01:00
170,Mercredi,16:00,01:00
170,Jeudi,16:00,01:00
170,Vendredi,16:00,01:00
170,Samedi,16:00,01:00
173,Mardi,12:30,19:00
173,Mercredi,12:30,19:00
173,Jeudi,12:30,19:00
173,Vendredi,12:30,19:00
173,Samedi,13:00,19:00
174,Mardi,12:00,13:15
174,Mardi,20:00,21:15
174,Mercredi,12:00,13:15
174,Mercredi,20:00,21:15
174,Jeudi,12:00,13:15
174,Jeudi,20:00,21:15
174,Vendredi,12:00,13:15
174,Vendredi,20:00,21:15
174,Samedi,12:00,13:15
174,Samedi,20:00,21:15
175,Lundi,11:00,14:30
175,Lundi,18:30,22:30
175,Mardi,11:00,14:30
175,Mardi,18:30,22:30
175,Mercredi,11:00,14:30
175,Mercredi,18:30,22:30
175,Jeudi,11:00,14:30
175,Jeudi,18:30,22:30
175,Vendredi,11:00,14:30
175,Vendredi,18:30,22:30
175,Samedi,11:00,14:30
175,Samedi,18:30,22:30
175,Dimanche,11:00,14:30
175,Dimanche,18:30,22:30
177,Lundi,12:00,13:45
177,Lundi,19:30,21:30
177,Mardi,12:00,13:45
177,Jeudi,12:00,13:45
177,Jeudi,19:30,21:30
177,Vendredi,12:00,13:45
177,Vendredi,19:30,21:30
177,Samedi,12:00,13:45
177,Samedi,19:30,21:30
177,Dimanche,12:00,13:45
179,Lundi,09:00,19:00
179,Mardi,09:00,19:00
179,Mercredi,09:00,19:00
179,Jeudi,09:00,19:00
179,Vendredi,09:00,19:00
180,Mardi,12:00,14:30
180,Mardi,19:00,22:00
180,Mercredi,12:00,14:30
180,Mercredi,19:00,22:00
180,Jeudi,12:00,14:30
180,Jeudi,19:00,22:00
180,Vendredi,12:00,14:30
180,Vendredi,19:00,22:00
180,Samedi,12:00,14:30
180,Samedi,19:00,22:00
183,Mardi,17:00,02:00
183,Mercredi,17:00,02:00
183,Jeudi,17:00,02:00
183,Vendredi,17:00,02:00
183,Samedi,17:00,02:00
188,Lundi,11:00,14:00
188,Lundi,18:00,00:00
188,Mardi,11:00,14:00
188,Mardi,18:00,00:00
188,Mercredi,11:00,14:00
188,Mercredi,18:00,00:00
188,Jeudi,11:00,14:00
188,Jeudi,18:00,00:00
189,Lundi,18:30,22:00
190,Lundi,12:00,14:00
190,Lundi,19:00,22:00
190,Mardi,12:00,14:00
190,Mardi,19:00,22:00
190,Mercredi,12:00,14:00
190,Mercredi,19:00,22:00
190,Jeudi,12:00,14:00
190,Jeudi,19:00,22:00
190,Vendredi,12:00,14:00
190,Vendredi,19:00,22:30
190,Samedi,12:00,14:30
190,Samedi,19:00,22:30
191,Lundi,12:00,15:00
191,Mardi,12:00,15:00
191,Mercredi,12:00,15:00
193,Lundi,11:30,14:00
193,Mardi,11:30,14:00
193,Mercredi,11:30,14:00
193,Jeudi,11:30,14:00
193,Vendredi,11:30,14:00
193,Samedi,11:30,14:00
194,Lundi,08:00,15:00
194,Mardi,08:00,15:00
194,Mercredi,08:00,15:00
194,Jeudi,08:00,15:00
194,Vendredi,08:00,15:00
194,Samedi,11:30,15:00
196,Mercredi,12:00,14:00
196,Mercredi,19:00,22:00
196,Jeudi,12:00,14:00
196,Jeudi,19:00,22:00
196,Vendredi,12:00,14:00
196,Vendredi,19:00,22:00
196,Samedi,12:00,14:00
196,Samedi,19:00,22:00
196,Mardi,19:00,22:30
196,Lundi,09:00,17:00
196,Dimanche,19:00,22:30
198,Lundi,12:00,14:00
198,Mardi,12:00,14:00
198,Mercredi,12:00,14:00
198,Mercredi,19:30,21:30
198,Jeudi,12:00,14:00
198,Jeudi,19:30,21:30
198,Vendredi,12:00,14:00
198,Vendredi,19:30,21:30
199,Lundi,18:00,00:00
199,Mardi,18:00,00:00
199,Mercredi,18:00,00:00
199,Jeudi,18:00,00:00
199,Vendredi,18:00,00:00
199,Samedi,18:00,00:00
199,Dimanche,18:00,00:00
201,Lundi,08:00,19:00
201,Mardi,08:00,19:00
201,Mercredi,08:00,19:00
201,Jeudi,08:00,19:00
201,Vendredi,08:00,19:00
201,Samedi,09:30,19:00
203,Lundi,08:30,16:00
203,Mardi,08:30,16:00
203,Mercredi,08:30,16:00
203,Jeudi,08:30,16:00
203,Vendredi,08:30,16:00
205,Mardi,09:15,19:00
205,Mercredi,09:15,19:00
205,Jeudi,09:15,19:00
205,Vendredi,09:15,19:00
205,Samedi,09:15,19:00
206,Lundi,17:00,00:00
206,Mardi,17:00,01:00
206,Mercredi,17:00,01:00
206,Jeudi,16:00,01:00
206,Vendredi,16:00,01:00
206,Samedi,14:00,01:00
207,Lundi,11:30,14:00
207,Mardi,11:30,14:00
207,Mercredi,11:30,14:00
207,Mercredi,19:00,22:00
207,Jeudi,11:30,14:00
207,Jeudi,19:00,22:00
207,Vendredi,11:30,14:00
207,Vendredi,19:00,22:00
207,Samedi,11:30,14:00
207,Samedi,19:00,22:00
207,Dimanche,11:30,14:00
207,Dimanche,19:00,22:00
209,Mardi,12:00,14:00
209,Mardi,19:00,22:00
209,Mercredi,12:00,14:00
209,Mercredi,19:00,22:00
209,Jeudi,12:00,14:00
209,Jeudi,19:00,22:00
209,Vendredi,12:00,14:00
209,Vendredi,19:00,22:00
209,Samedi,12:00,14:00
209,Samedi,19:00,22:00
210,Mardi,11:00,19:00
210,Mercredi,11:00,19:00
210,Jeudi,11:00,19:00
210,Vendredi,11:00,19:00
210,Samedi,11:00,19:00
211,Lundi,09:00,22:00
211,Mardi,09:00,22:00
211,Mercredi,09:00,22:00
211,Jeudi,09:00,22:00
211,Vendredi,09:00,22:00
211,Samedi,09:00,22:00
211,Dimanche,09:00,22:00
215,Lundi,18:30,22:30
215,Mardi,11:45,14:00
215,Mardi,18:30,22:30
215,Mercredi,11:45,14:00
215,Mercredi,18:30,22:30
215,Jeudi,11:45,14:00
215,Jeudi,18:30,22:30
215,Vendredi,11:45,14:00
215,Vendredi,18:30,22:30
215,Samedi,11:45,14:00
215,Samedi,18:30,22:30
216,Mardi,18:00,01:00
216,Mercredi,18:00,01:00
216,Jeudi,18:00,01:00
216,Vendredi,18:00,01:00
216,Samedi,18:00,01:00
218,Lundi,11:30,14:30
218,Lundi,18:30,22:30
218,Mardi,11:30,14:30
218,Mardi,18:30,22:30
218,Mercredi,11:30,14:30
218,Mercredi,18:30,22:30
218,Jeudi,11:30,14:30
218,Jeudi,18:30,22:30
218,Vendredi,11:30,14:30
218,Vendredi,18:30,22:30
218,Samedi,11:30,14:30
218,Samedi,18:30,22:30
219,Mardi,11:30,14:30
219,Mardi,19:00,23:00
219,Mercredi,11:30,14:30
219,Mercredi,19:00,23:00
219,Jeudi,11:30,14:30
219,Jeudi,19:00,23:00
219,Vendredi,11:30,14:30
219,Vendredi,19:00,23:00
219,Samedi,11:30,14:30
219,Samedi,19:00,23:00
220,Lundi,11:30,14:00
220,Mardi,11:30,14:00
220,Mercredi,11:30,14:00
220,Jeudi,11:30,14:00
220,Vendredi,11:30,14:00
220,Samedi,11:30,14:00
220,Dimanche,18:30,22:00
221,Mardi,11:30,19:00
221,Mercredi,11:30,19:00
221,Jeudi,11:30,19:00
221,Vendredi,11:30,19:00
221,Samedi,11:30,19:00
222,Lundi,12:00,14:00
222,Lundi,18:30,22:00
222,Mardi,12:00,14:00
222,Mardi,18:30,22:00
222,Mercredi,12:00,14:00
222,Mercredi,18:30,22:00
222,Jeudi,12:00,14:00
222,Jeudi,18:30,22:00
222,Vendredi,12:00,14:00
222,Vendredi,18:30,22:00
222,Samedi,12:00,14:00
222,Samedi,18:30,22:00
222,Dimanche,12:00,14:00
222,Dimanche,18:30,22:00
223,Lundi,08:00,20:00
223,Mardi,08:00,20:00
223,Mercredi,08:00,20:00
223,Jeudi,08:00,20:00
223,Vendredi,08:00,20:00
223,Samedi,08:30,20:00
223,Dimanche,08:30,12:30
200,Lundi,11:30,23:00
200,Mardi,11:30,23:00
200,Mercredi,11:30,23:00
200,Jeudi,11:30,23:00
200,Vendredi,11:30,23:00
200,Samedi,11:30,23:00
200,Dimanche,11:30,23:00
225,Lundi,13:30,19:00
225,Mardi,12:00,19:00
225,Mercredi,09:30,19:00
225,Jeudi,09:30,19:00
225,Vendredi,09:30,19:00
225,Samedi,09:30,20:00
226,Lundi,12:00,14:00
226,Mardi,12:00,14:00
226,Mercredi,12:00,14:00
226,Jeudi,12:00,14:00
226,Vendredi,12:00,14:00
227,Lundi,12:00,14:00
227,Lundi,19:00,22:00
227,Mardi,12:00,14:00
227,Mardi,19:00,22:00
227,Mercredi,12:00,14:00
227,Mercredi,19:00,22:00
227,Jeudi,12:00,14:00
227,Jeudi,19:00,22:00
227,Vendredi,12:00,14:00
227,Vendredi,19:00,22:00
227,Samedi,12:00,14:00
227,Samedi,19:00,22:00
229,Lundi,09:00,15:00
229,Lundi,18:00,22:30
229,Mardi,09:00,15:00
229,Mardi,18:00,22:30
229,Mercredi,09:00,15:00
229,Mercredi,18:00,22:30
229,Jeudi,09:00,15:00
229,Jeudi,18:00,22:30
229,Vendredi,09:00,15:00
229,Vendredi,18:00,22:30
233,Lundi,11:30,14:00
233,Mardi,11:30,14:00
233,Mercredi,11:30,14:00
234,Lundi,06:30,20:00
234,Mardi,06:30,20:00
234,Mercredi,06:30,20:00
234,Jeudi,06:30,20:00
234,Vendredi,06:30,20:00
234,Samedi,06:30,20:00
234,Dimanche,06:30,20:00
235,Lundi,08:00,18:00
235,Mardi,08:00,18:00
235,Mercredi,08:00,18:00
235,Jeudi,08:00,18:00
235,Vendredi,08:00,18:00
235,Samedi,10:00,14:00
236,Mardi,10:00,19:00
236,Mercredi,10:00,19:00
236,Jeudi,10:00,19:00
236,Vendredi,10:00,19:00
236,Samedi,10:00,19:00
237,Lundi,07:00,20:00
237,Mardi,06:30,20:00
237,Mercredi,06:30,20:00
237,Jeudi,06:30,20:00
237,Vendredi,06:30,20:00
237,Samedi,08:00,20:00
237,Dimanche,08:30,17:00
239,Lundi,12:00,14:00
239,Lundi,18:00,23:00
239,Mardi,12:00,14:00
239,Mardi,18:00,23:00
239,Mercredi,12:00,14:00
239,Mercredi,18:00,23:00
239,Jeudi,12:00,14:00
239,Jeudi,18:00,23:00
239,Vendredi,12:00,14:00
239,Vendredi,18:00,23:00
239,Samedi,12:00,15:00
239,Samedi,18:00,22:30
239,Dimanche,12:00,15:00
239,Dimanche,18:00,22:30
240,Lundi,11:30,14:00
240,Lundi,18:30,22:00
240,Mardi,11:30,14:00
240,Mardi,18:30,22:00
240,Mercredi,11:30,14:00
240,Mercredi,18:30,22:00
240,Jeudi,11:30,14:00
240,Jeudi,18:30,22:00
240,Vendredi,11:30,14:00
240,Vendredi,18:30,22:00
241,Lundi,12:00,14:00
241,Mardi,12:00,14:00
241,Mercredi,12:00,14:00
241,Mercredi,19:00,22:00
241,Jeudi,12:00,14:00
241,Jeudi,19:00,22:00
241,Vendredi,12:00,14:00
241,Vendredi,19:00,22:30
241,Samedi,12:00,14:00
241,Samedi,19:00,22:30
242,Lundi,11:15,00:00
242,Mardi,11:15,00:00
242,Mercredi,11:15,00:00
242,Jeudi,11:15,00:00
242,Vendredi,11:15,00:00
242,Samedi,11:15,00:00
242,Dimanche,14:00,23:00
243,Dimanche,11:00,17:00
243,Mardi,10:00,18:00
243,Mercredi,10:00,18:00
243,Jeudi,10:00,18:00
243,Vendredi,10:00,18:00
243,Samedi,10:00,18:00
247,Lundi,11:30,14:30
247,Mardi,11:30,14:30
247,Mercredi,11:30,14:30
247,Jeudi,11:30,14:30
247,Vendredi,11:30,14:30
247,Samedi,11:30,14:30
248,Lundi,08:00,20:00
248,Mardi,08:00,20:00
248,Mercredi,08:00,20:00
248,Jeudi,08:00,20:00
248,Vendredi,08:00,20:00
248,Samedi,08:00,21:00
248,Dimanche,09:00,18:00
250,Lundi,11:30,14:30
250,Lundi,18:30,22:00
250,Mardi,11:30,14:30
250,Mardi,18:30,22:00
250,Mercredi,11:30,14:30
250,Mercredi,18:30,22:00
250,Jeudi,11:30,14:30
250,Jeudi,18:30,22:00
250,Vendredi,11:30,14:30
250,Vendredi,18:30,22:00
250,Samedi,11:30,14:30
250,Samedi,18:30,22:00
251,Lundi,12:00,13:30
251,Lundi,18:30,22:00
251,Mardi,12:00,13:30
251,Mardi,18:30,22:00
251,Mercredi,12:00,13:30
251,Mercredi,18:30,22:00
251,Jeudi,12:00,13:30
251,Jeudi,18:30,22:00
251,Vendredi,12:00,13:30
251,Vendredi,18:30,22:00
251,Samedi,12:00,13:30
251,Samedi,18:30,22:00
251,Dimanche,12:00,13:30
251,Dimanche,18:30,22:00
252,Lundi,12:00,14:30
252,Lundi,18:00,00:00
252,Mardi,12:00,14:30
252,Mardi,18:00,00:00
252,Mercredi,12:00,14:30
252,Mercredi,18:00,00:00
252,Jeudi,12:00,14:30
252,Jeudi,18:00,00:00
252,Vendredi,12:00,14:30
252,Vendredi,18:00,00:00
252,Samedi,12:00,14:30
252,Samedi,18:00,00:00
252,Dimanche,12:00,14:30
252,Dimanche,18:00,00:00
253,Lundi,11:00,14:00
253,Lundi,18:00,23:00
253,Mardi,11:00,14:00
253,Mardi,18:00,23:00
253,Mercredi,11:00,14:00
253,Mercredi,18:00,23:00
253,Jeudi,11:00,14:00
253,Jeudi,18:00,23:00
253,Vendredi,11:00,14:00
253,Vendredi,18:00,00:00
253,Dimanche,12:00,14:30
253,Dimanche,17:00,23:00
254,Mardi,11:00,14:00
254,Mardi,18:00,22:30
254,Mercredi,11:00,14:00
254,Mercredi,18:00,22:30
254,Jeudi,11:00,14:00
254,Jeudi,18:00,22:30
254,Vendredi,11:00,14:00
254,Vendredi,18:00,23:00
254,Samedi,11:00,14:00
254,Samedi,18:00,23:00
254,Dimanche,18:00,22:30
255,Lundi,11:00,23:00
255,Mardi,11:00,23:00
255,Mercredi,11:00,23:00
255,Jeudi,11:00,23:00
255,Vendredi,11:00,23:00
255,Samedi,11:00,23:00
255,Dimanche,11:00,23:00
256,Mardi,11:30,14:30
256,Mardi,19:00,22:30
256,Mercredi,11:30,14:30
256,Mercredi,19:00,22:30
256,Jeudi,11:30,14:30
256,Jeudi,19:00,22:30
256,Vendredi,11:30,14:30
256,Vendredi,19:00,22:30
256,Samedi,11:30,14:30
256,Samedi,19:00,22:30
257,Lundi,11:00,02:00
257,Mardi,11:00,02:00
257,Mercredi,11:00,02:00
257,Jeudi,11:00,02:00
257,Vendredi,11:00,02:00
257,Samedi,11:00,02:00
257,Dimanche,11:00,02:00
258,Mardi,17:30,23:30
258,Mercredi,17:30,23:30
258,Jeudi,17:30,23:30
258,Vendredi,17:30,23:30
258,Samedi,12:00,14:00
258,Samedi,17:30,23:30
259,Mardi,15:00,00:00
259,Mercredi,15:00,00:00
259,Jeudi,15:00,00:00
259,Vendredi,15:00,00:00
259,Samedi,15:00,00:00
260,Mardi,12:00,14:00
260,Mardi,19:00,22:00
260,Mercredi,12:00,14:00
260,Mercredi,19:00,22:00
260,Jeudi,12:00,14:00
260,Jeudi,19:00,22:00
260,Vendredi,12:00,14:00
260,Vendredi,19:00,22:00
260,Samedi,12:00,14:00
260,Samedi,19:00,22:00
261,Lundi,11:30,21:30
261,Mardi,11:30,21:30
261,Mercredi,11:30,21:30
261,Jeudi,11:30,21:30
261,Vendredi,11:30,22:30
261,Samedi,11:30,22:30
261,Dimanche,11:30,21:30
263,Lundi,07:45,21:00
263,Mardi,07:45,21:00
263,Mercredi,07:45,21:00
263,Jeudi,07:45,21:00
263,Vendredi,07:45,21:00
265,Lundi,10:00,15:00
265,Lundi,18:00,01:00
265,Mardi,10:00,15:00
265,Mardi,18:00,01:00
265,Mercredi,10:00,15:00
265,Mercredi,18:00,01:00
265,Jeudi,10:00,15:00
265,Jeudi,18:00,01:00
265,Vendredi,10:00,15:00
265,Vendredi,18:00,01:00
265,Samedi,10:00,15:00
265,Samedi,18:00,01:00
266,Mardi,10:00,19:30
266,Mercredi,10:00,19:30
266,Jeudi,10:00,19:30
266,Vendredi,09:30,19:30
266,Samedi,09:30,19:30
266,Dimanche,08:30,13:00
267,Lundi,11:30,13:30
267,Mardi,11:30,13:30
267,Mercredi,11:30,13:30
267,Jeudi,11:30,13:30
267,Vendredi,11:30,13:30
269,Mardi,08:00,20:00
269,Mercredi,08:00,20:00
269,Jeudi,08:00,20:00
269,Vendredi,08:00,21:00
269,Samedi,08:30,21:00
271,Lundi,14:00,01:00
271,Mardi,14:00,01:00
271,Mercredi,14:00,01:00
271,Jeudi,14:00,01:00
271,Vendredi,14:00,01:00
271,Samedi,14:00,01:00
271,Dimanche,14:00,01:00
272,Mercredi,09:00,18:00
272,Jeudi,09:00,18:00
272,Vendredi,09:00,18:00
272,Samedi,09:00,18:00
273,Mardi,12:00,14:30
273,Mardi,19:00,22:30
273,Mercredi,12:00,14:30
273,Mercredi,19:00,22:30
273,Jeudi,12:00,14:30
273,Jeudi,19:00,22:30
273,Vendredi,12:00,14:30
273,Vendredi,19:00,22:30
273,Samedi,12:00,14:30
273,Samedi,19:00,22:30
274,Mercredi,10:00,19:00
274,Jeudi,10:00,19:00
274,Vendredi,10:00,19:00
274,Samedi,10:00,19:00
274,Mardi,12:00,19:00
275,Lundi,12:00,14:00
275,Lundi,19:00,22:00
275,Mardi,12:00,14:00
275,Mardi,19:00,22:00
275,Mercredi,12:00,14:00
275,Mercredi,19:00,22:00
275,Jeudi,12:00,14:00
275,Jeudi,19:00,22:00
275,Vendredi,12:00,14:00
275,Vendredi,19:00,23:00
275,Samedi,12:00,14:00
275,Samedi,19:00,23:00
275,Dimanche,12:00,14:00
275,Dimanche,19:00,22:00
276,Lundi,11:00,14:00
276,Mardi,11:00,14:00
276,Mercredi,11:00,14:00
276,Jeudi,11:00,14:00
276,Vendredi,11:00,14:00
276,Samedi,11:00,22:30
276,Dimanche,16:00,22:30
277,Lundi,19:00,22:00
277,Mardi,19:00,22:00
277,Mercredi,19:00,22:00
277,Jeudi,19:00,22:00
277,Samedi,12:00,14:00
277,Samedi,19:00,23:00
277,Vendredi,12:00,14:00
277,Vendredi,19:00,22:30
281,Lundi,12:00,14:00
281,Lundi,18:00,22:00
281,Mardi,12:00,14:00
281,Mardi,18:00,22:00
281,Mercredi,12:00,14:00
281,Mercredi,18:00,22:00
281,Jeudi,12:00,14:00
281,Jeudi,18:00,22:00
281,Vendredi,18:00,22:30
281,Vendredi,12:00,14:00
281,Samedi,18:00,22:30
281,Samedi,12:00,14:00
282,Mardi,19:00,21:30
282,Mercredi,12:00,13:15
282,Mercredi,19:00,21:30
282,Jeudi,12:00,13:15
282,Jeudi,19:00,21:30
282,Vendredi,12:00,13:15
282,Vendredi,19:00,21:30
282,Samedi,19:00,21:30
284,Mardi,09:00,18:00
284,Mercredi,09:00,18:00
284,Jeudi,09:00,18:00
284,Vendredi,09:00,18:00
284,Samedi,09:00,18:00
285,Lundi,08:00,20:00
285,Mardi,08:00,20:00
285,Mercredi,08:00,20:00
285,Jeudi,08:00,20:00
285,Vendredi,08:00,20:00
285,Samedi,09:00,20:00
286,Mardi,12:00,14:00
286,Mercredi,12:00,14:00
286,Jeudi,12:00,14:00
286,Vendredi,12:00,14:00
286,Samedi,12:00,14:00
287,Mardi,09:00,14:00
287,Mardi,17:00,19:30
287,Mercredi,09:00,14:00
287,Mercredi,17:00,19:30
287,Jeudi,09:00,14:00
287,Jeudi,17:00,19:30
287,Vendredi,09:00,14:00
287,Vendredi,17:00,19:30
287,Samedi,09:00,14:00
287,Samedi,17:00,19:30
287,Dimanche,09:00,14:00
288,Mardi,17:00,02:00
288,Mercredi,17:00,02:00
288,Jeudi,17:00,02:00
288,Vendredi,17:00,02:00
288,Samedi,17:00,02:00
289,Mardi,12:00,13:30
289,Mardi,19:00,20:30
289,Mercredi,12:00,13:30
289,Mercredi,19:00,20:30
289,Jeudi,12:00,13:30
289,Jeudi,19:00,20:30
289,Vendredi,12:00,13:30
289,Vendredi,19:00,20:30
289,Samedi,12:00,14:00
289,Samedi,19:30,20:30
290,Lundi,11:00,00:00
290,Mardi,11:00,00:00
290,Mercredi,11:00,00:00
290,Jeudi,11:00,00:00
290,Vendredi,11:00,00:00
290,Samedi,11:00,00:00
290,Dimanche,11:00,00:00
291,Lundi,12:00,19:20
291,Mardi,12:00,19:20
291,Mercredi,12:00,19:20
291,Jeudi,12:00,19:20
291,Vendredi,12:00,19:20
291,Samedi,12:00,22:00
293,Mardi,08:30,13:00
293,Mardi,15:30,18:30
293,Mercredi,08:30,13:00
293,Mercredi,15:30,18:30
293,Jeudi,08:30,13:00
293,Jeudi,15:30,18:30
293,Vendredi,08:30,13:00
293,Vendredi,15:30,19:00
293,Samedi,08:30,18:00
294,Lundi,11:30,00:00
294,Mardi,11:30,00:00
294,Mercredi,11:30,00:00
294,Jeudi,11:30,00:00
294,Vendredi,11:30,00:00
294,Samedi,11:30,00:00
295,Lundi,17:00,01:00
295,Mardi,17:00,01:00
295,Mercredi,17:00,01:00
295,Jeudi,17:00,03:00
295,Vendredi,17:00,03:00
295,Samedi,17:00,03:00
295,Dimanche,17:00,01:00
296,Lundi,12:00,14:30
296,Lundi,19:00,22:30
296,Mardi,12:00,14:30
296,Mardi,19:00,22:30
296,Mercredi,12:00,14:30
296,Mercredi,19:00,22:30
296,Jeudi,12:00,14:30
296,Jeudi,19:00,22:30
296,Vendredi,12:00,14:30
296,Vendredi,19:00,22:30
296,Samedi,12:00,14:30
296,Samedi,19:00,22:30
296,Dimanche,19:00,22:30
297,Lundi,08:30,14:30
297,Mardi,08:00,20:00
297,Mercredi,08:00,20:00
297,Jeudi,08:00,20:00
297,Vendredi,08:00,20:00
297,Samedi,08:30,20:00
298,Lundi,09:00,03:00
298,Mardi,09:00,03:00
298,Mercredi,09:00,03:00
298,Jeudi,09:00,03:00
298,Vendredi,09:00,03:00
298,Samedi,09:00,03:00
299,Lundi,10:00,23:30
299,Mardi,10:00,23:30
299,Mercredi,10:00,23:30
299,Jeudi,10:00,23:30
299,Vendredi,10:00,23:30
299,Samedi,10:00,23:30
299,Dimanche,10:00,23:30
300,Mardi,09:00,14:30
300,Mardi,17:00,00:00
300,Mercredi,09:00,14:30
300,Mercredi,17:00,00:00
300,Jeudi,09:00,14:30
300,Jeudi,17:00,00:00
300,Vendredi,09:00,14:30
300,Vendredi,17:00,00:00
300,Samedi,09:00,00:00
300,Dimanche,09:00,13:00
301,Mardi,11:45,14:00
301,Mardi,18:45,22:00
301,Mercredi,11:45,14:00
301,Mercredi,18:45,22:00
301,Jeudi,11:45,14:00
301,Jeudi,18:45,22:00
301,Vendredi,11:45,14:00
301,Vendredi,18:45,22:30
301,Samedi,11:45,14:00
301,Samedi,18:45,22:30
301,Dimanche,18:30,21:30
303,Vendredi,12:00,14:00
303,Vendredi,18:00,23:00
303,Samedi,12:00,14:00
303,Samedi,18:00,23:00
303,Dimanche,12:00,14:00
303,Dimanche,18:00,22:30
304,Lundi,11:00,22:30
304,Mardi,11:00,22:30
304,Mercredi,11:00,22:30
304,Jeudi,11:00,22:30
304,Dimanche,11:00,22:00
305,Lundi,11:30,23:00
305,Mardi,11:30,23:00
305,Mercredi,11:30,23:00
305,Jeudi,11:30,23:30
305,Vendredi,11:30,00:00
305,Samedi,11:30,00:00
305,Dimanche,15:00,23:00
306,Mardi,11:30,14:00
306,Mardi,17:30,20:30
306,Mercredi,11:30,14:00
306,Mercredi,17:30,20:30
306,Jeudi,11:30,14:00
306,Jeudi,17:30,20:30
306,Vendredi,11:30,14:00
306,Vendredi,17:30,20:30
306,Samedi,11:30,14:00
306,Samedi,17:30,20:30
307,Mardi,11:00,14:30
307,Mardi,18:00,23:00
307,Mercredi,11:00,14:30
307,Mercredi,18:00,23:00
307,Jeudi,11:00,14:30
307,Jeudi,18:00,23:00
307,Vendredi,11:00,14:30
307,Vendredi,18:00,23:00
307,Samedi,11:00,14:30
307,Samedi,18:00,23:00
307,Dimanche,11:00,14:30
307,Dimanche,18:00,23:00
308,Lundi,07:00,21:00
308,Mardi,07:00,21:00
308,Mercredi,07:00,21:00
308,Jeudi,07:00,21:00
308,Vendredi,07:00,21:00
308,Samedi,09:00,21:00
308,Dimanche,09:00,21:00
311,Mardi,11:30,14:00
311,Mardi,18:00,00:00
311,Mercredi,11:30,14:00
311,Mercredi,18:00,00:00
311,Jeudi,11:30,14:00
311,Jeudi,18:00,00:00
311,Vendredi,11:30,14:00
311,Vendredi,18:00,00:00
311,Samedi,11:30,14:00
311,Samedi,18:00,00:00
311,Dimanche,11:30,14:00
311,Dimanche,18:00,00:00
314,Mardi,12:00,14:00
314,Mardi,18:30,00:00
314,Mercredi,12:00,14:00
314,Mercredi,18:30,00:00
314,Jeudi,12:00,14:00
314,Jeudi,18:30,00:00
314,Vendredi,12:00,14:00
314,Vendredi,18:30,00:00
314,Samedi,12:00,14:00
314,Samedi,18:30,00:00
314,Dimanche,11:30,14:00
316,Mardi,18:00,01:00
316,Mercredi,18:00,01:00
316,Jeudi,18:00,01:00
316,Vendredi,18:00,01:00
316,Samedi,18:00,01:00
319,Mardi,12:00,15:00
319,Mardi,18:00,22:00
319,Mercredi,12:00,15:00
319,Mercredi,18:00,22:00
319,Jeudi,12:00,15:00
319,Jeudi,18:00,22:00
319,Vendredi,12:00,15:00
319,Vendredi,18:00,22:00
319,Samedi,12:00,15:00
319,Samedi,18:00,22:00
321,Lundi,12:00,14:00
321,Lundi,19:00,22:00
321,Mardi,12:00,14:00
321,Mardi,19:00,22:00
321,Mercredi,12:00,14:00
321,Mercredi,19:00,22:00
321,Jeudi,12:00,14:00
321,Jeudi,19:00,22:00
321,Vendredi,12:00,14:00
321,Vendredi,19:00,22:00
321,Samedi,12:00,14:00
321,Samedi,19:00,22:00
323,Mardi,17:00,03:00
323,Mercredi,17:00,03:00
323,Jeudi,17:00,03:00
323,Vendredi,17:00,03:00
323,Samedi,17:00,03:00
300,Mercredi,17:30,01:00
300,Vendredi,17:30,02:00
300,Samedi,17:30,02:00
325,Lundi,12:00,14:00
325,Lundi,19:00,22:00
325,Mardi,12:00,14:00
325,Mardi,19:00,22:00
325,Mercredi,12:00,14:00
325,Mercredi,19:00,22:00
325,Jeudi,12:00,14:00
325,Jeudi,19:00,22:00
325,Vendredi,12:00,14:00
325,Vendredi,19:00,22:30
325,Samedi,12:00,14:00
325,Samedi,19:00,22:30
325,Dimanche,11:00,14:00
325,Dimanche,19:00,22:00
327,Lundi,11:45,15:00
327,Lundi,18:45,22:00
327,Mardi,11:45,15:00
327,Mardi,18:45,22:00
327,Mercredi,11:45,15:00
327,Mercredi,18:45,22:00
327,Jeudi,11:45,15:00
327,Jeudi,18:45,22:00
327,Vendredi,11:45,15:00
327,Vendredi,18:45,22:30
327,Samedi,11:45,15:00
327,Samedi,18:45,22:30
327,Dimanche,11:45,15:00
328,Lundi,11:00,23:30
328,Mardi,11:00,23:30
328,Mercredi,11:00,23:30
328,Jeudi,11:00,23:30
328,Vendredi,11:00,23:30
328,Samedi,11:00,23:30
328,Dimanche,12:00,23:30
329,Lundi,17:00,01:00
329,Mardi,17:00,01:00
329,Mercredi,17:00,01:00
329,Jeudi,17:00,01:00
329,Vendredi,17:00,01:00
329,Samedi,17:00,01:00
329,Dimanche,17:00,01:00
330,Lundi,11:30,13:30
330,Mardi,11:30,13:30
330,Mercredi,11:30,13:30
330,Jeudi,11:30,13:30
330,Vendredi,11:30,13:30
331,Mardi,12:00,14:00
331,Mardi,19:00,22:30
331,Mercredi,12:00,14:00
331,Mercredi,19:00,22:30
331,Jeudi,12:00,14:00
331,Jeudi,19:00,22:30
331,Vendredi,12:00,14:00
331,Vendredi,19:00,22:30
331,Samedi,12:00,14:00
331,Samedi,19:00,22:30
331,Dimanche,12:00,14:00
331,Dimanche,19:00,22:30
333,Lundi,12:00,20:00
333,Mardi,12:00,20:00
333,Mercredi,12:00,20:00
333,Jeudi,12:00,20:00
333,Vendredi,12:00,15:00
333,Vendredi,18:00,22:30
333,Samedi,12:00,15:00
333,Samedi,18:00,22:30
336,Mardi,07:30,20:00
336,Mercredi,07:30,20:00
336,Jeudi,07:30,20:00
336,Vendredi,07:30,20:00
336,Samedi,08:30,19:30
337,Mardi,12:00,15:00
337,Mardi,18:00,22:30
337,Mercredi,12:00,15:00
337,Mercredi,18:00,22:30
337,Jeudi,12:00,15:00
337,Jeudi,18:00,22:30
337,Vendredi,12:00,15:00
337,Vendredi,18:00,22:30
337,Samedi,12:00,15:00
337,Samedi,18:00,22:30
339,Vendredi,12:00,14:30
339,Vendredi,19:00,23:00
339,Samedi,12:00,14:30
339,Samedi,19:00,23:00
340,Mercredi,11:30,22:30
340,Jeudi,11:30,22:30
340,Vendredi,11:30,22:30
340,Samedi,11:30,22:30
343,Mardi,12:00,14:00
343,Mardi,19:00,22:00
343,Mercredi,12:00,14:00
343,Mercredi,19:00,22:00
343,Jeudi,12:00,14:00
343,Jeudi,19:00,22:00
343,Vendredi,12:00,14:00
343,Vendredi,19:00,22:00
343,Samedi,12:00,22:30
345,Lundi,16:00,01:00
345,Mardi,16:00,01:00
345,Mercredi,16:00,01:00
345,Jeudi,16:00,01:00
345,Vendredi,16:00,01:00
345,Samedi,15:00,01:00
345,Dimanche,15:00,01:00
347,Lundi,12:00,21:30
347,Mardi,12:00,21:30
347,Mercredi,12:00,21:30
347,Jeudi,12:00,21:30
347,Vendredi,12:00,23:00
347,Samedi,13:00,23:00
347,Dimanche,13:00,21:00
348,Lundi,07:00,20:00
348,Mardi,07:00,20:00
348,Mercredi,07:00,20:00
348,Jeudi,07:00,20:00
348,Vendredi,07:00,20:00
348,Samedi,07:00,20:00
350,Lundi,11:00,21:30
350,Mardi,11:00,21:30
350,Mercredi,11:00,21:30
350,Jeudi,11:00,21:30
350,Vendredi,11:00,21:30
350,Samedi,11:00,21:30
351,Lundi,19:00,00:00
351,Mardi,11:00,14:30
351,Mardi,19:00,00:00
351,Mercredi,11:00,14:30
351,Mercredi,19:00,00:00
351,Jeudi,11:00,14:30
351,Jeudi,19:00,00:00
351,Vendredi,11:00,14:30
351,Vendredi,19:00,00:00
354,Mercredi,12:00,14:00
354,Mercredi,19:30,23:00
354,Jeudi,12:00,14:00
354,Jeudi,19:30,23:00
354,Vendredi,12:00,14:00
354,Vendredi,19:30,23:00
354,Samedi,12:00,14:00
354,Samedi,19:30,23:00
354,Dimanche,12:00,14:00
354,Dimanche,19:30,23:00
357,Mardi,11:30,14:00
357,Mardi,18:00,21:00
357,Mercredi,11:30,14:00
357,Mercredi,18:00,21:00
357,Jeudi,11:30,14:00
357,Jeudi,18:00,21:00
357,Vendredi,11:30,14:00
357,Vendredi,18:00,21:00
357,Samedi,11:30,14:00
357,Samedi,18:00,22:00
359,Mardi,17:00,00:00
359,Mercredi,17:00,00:00
359,Jeudi,17:00,00:00
359,Vendredi,17:00,01:00
359,Samedi,17:00,01:00
359,Dimanche,12:00,16:00
360,Mercredi,19:30,21:00
361,Lundi,11:00,01:00
361,Mardi,11:00,01:00
361,Mercredi,11:00,01:00
361,Jeudi,11:00,01:00
361,Vendredi,11:00,01:00
361,Samedi,11:00,01:00
361,Dimanche,11:00,01:00
364,Mardi,12:00,14:30
364,Mardi,19:00,22:30
364,Mercredi,12:00,14:30
364,Mercredi,19:00,22:30
364,Jeudi,12:00,14:30
364,Jeudi,19:00,22:30
364,Vendredi,12:00,14:30
364,Vendredi,19:00,22:30
364,Samedi,12:00,14:30
364,Samedi,19:00,22:30
365,Mardi,17:00,01:00
365,Mercredi,17:00,01:00
365,Jeudi,17:00,01:00
365,Vendredi,17:00,01:00
365,Samedi,17:00,01:00
366,Jeudi,15:00,17:30
366,Vendredi,15:00,17:30
366,Samedi,15:00,17:30
366,Dimanche,15:00,17:30
367,Mardi,12:00,14:00
367,Mercredi,12:00,14:00
367,Jeudi,12:00,14:00
367,Jeudi,19:00,22:00
367,Vendredi,12:00,14:00
367,Vendredi,19:00,22:00
367,Samedi,12:00,23:00
368,Mardi,10:00,13:30
368,Mardi,17:00,21:30
368,Mercredi,10:00,13:30
368,Mercredi,17:00,21:30
368,Jeudi,10:00,13:30
368,Jeudi,17:00,21:30
368,Vendredi,10:00,13:30
368,Vendredi,17:00,21:30
368,Samedi,10:00,13:30
368,Samedi,17:00,21:30
368,Dimanche,09:30,12:00
369,Mardi,12:00,14:00
369,Mardi,19:00,23:00
369,Mercredi,12:00,14:00
369,Mercredi,19:00,23:00
369,Jeudi,12:00,14:00
369,Jeudi,19:00,23:00
369,Vendredi,12:00,14:00
369,Vendredi,19:00,23:00
369,Samedi,12:00,14:00
369,Samedi,19:00,23:00
369,Dimanche,12:00,14:00
369,Dimanche,19:00,23:00
370,Mardi,11:30,14:30
370,Mardi,18:00,23:00
370,Mercredi,11:30,14:30
370,Mercredi,18:00,23:00
370,Jeudi,11:30,14:30
370,Jeudi,18:00,23:00
370,Vendredi,11:30,14:30
370,Vendredi,18:00,23:00
370,Samedi,11:30,14:30
370,Samedi,18:00,23:00
370,Dimanche,18:00,23:00
371,Lundi,12:00,14:30
371,Mardi,12:00,14:30
371,Mercredi,12:00,14:30
371,Jeudi,12:00,14:30
371,Vendredi,12:00,14:30
374,Mardi,18:00,00:00
374,Mercredi,18:00,00:00
374,Jeudi,18:00,00:00
374,Vendredi,18:00,01:00
374,Samedi,18:00,01:00
375,Lundi,11:30,14:00
375,Lundi,18:30,22:00
375,Mardi,11:30,14:00
375,Mardi,18:30,22:00
375,Mercredi,11:30,14:00
375,Mercredi,18:30,22:00
375,Jeudi,11:30,14:00
375,Jeudi,18:30,22:00
375,Vendredi,11:30,14:00
375,Vendredi,18:30,22:00
375,Samedi,11:30,14:00
375,Samedi,18:30,22:00
375,Dimanche,11:30,14:00
375,Dimanche,18:30,22:00
376,Lundi,17:00,01:00
376,Mardi,17:00,01:00
376,Mercredi,17:00,01:00
376,Jeudi,17:00,01:00
376,Vendredi,17:00,01:00
376,Samedi,17:00,01:00
378,Lundi,12:00,14:30
378,Mardi,12:00,14:30
378,Mercredi,12:00,14:30
378,Jeudi,12:00,14:30
378,Vendredi,12:00,14:30
381,Mardi,10:00,19:00
381,Mercredi,10:00,19:00
381,Jeudi,10:00,19:00
381,Vendredi,10:00,19:00
381,Samedi,10:00,19:00